layers,block_size,acc
"[7, 4, 2]",16,0.7262569832402235
"[7, 4, 2]",64,0.7932960893854749
"[7, 4, 2]",128,0.6089385474860335
"[7, 4, 2]",256,0.6089385474860335
"[7, 8, 4, 2]",16,0.6089385474860335
"[7, 8, 4, 2]",64,0.6089385474860335
"[7, 8, 4, 2]",128,0.8100558659217877
"[7, 8, 4, 2]",256,0.8044692737430168
"[7, 32, 64, 16, 2]",16,0.6089385474860335
"[7, 32, 64, 16, 2]",64,0.6089385474860335
"[7, 32, 64, 16, 2]",128,0.6089385474860335
"[7, 32, 64, 16, 2]",256,0.6089385474860335
