layers,block_size,acc
"[7, 4, 2]",16,0.6703910614525139
"[7, 4, 2]",64,0.6089385474860335
"[7, 4, 2]",128,0.7877094972067039
"[7, 4, 2]",256,0.770949720670391
"[7, 8, 4, 2]",16,0.6089385474860335
"[7, 8, 4, 2]",64,0.6089385474860335
"[7, 8, 4, 2]",128,0.6089385474860335
"[7, 8, 4, 2]",256,0.6089385474860335
"[7, 32, 64, 16, 2]",16,0.6089385474860335
"[7, 32, 64, 16, 2]",64,0.6089385474860335
"[7, 32, 64, 16, 2]",128,0.6089385474860335
"[7, 32, 64, 16, 2]",256,0.6089385474860335
