layers,block_size,acc
"[7, 4, 2]",16,0.7541899441340782
"[7, 4, 2]",64,0.6089385474860335
"[7, 4, 2]",128,0.6089385474860335
"[7, 4, 2]",256,0.6089385474860335
"[7, 8, 4, 2]",16,0.6089385474860335
"[7, 8, 4, 2]",64,0.6089385474860335
"[7, 8, 4, 2]",128,0.776536312849162
"[7, 8, 4, 2]",256,0.6089385474860335
"[7, 32, 64, 16, 2]",16,0.6089385474860335
"[7, 32, 64, 16, 2]",64,0.6089385474860335
"[7, 32, 64, 16, 2]",128,0.6256983240223464
"[7, 32, 64, 16, 2]",256,0.6089385474860335
